{"cameraMode":{"drawMode":0,"name":"Shaded","section":"Shading Mode"},"sceneLighting":false,"audioPlay":false,"sceneViewState":{"showFog":true,"showMaterialUpdate":false,"showSkybox":true,"showFlares":true,"showImageEffects":true,"showParticleSystems":true},"in2DMode":false,"pivot":{"x":0.36788445711135867,"y":-1.5135005712509156,"z":-3.0312485694885256},"rotation":{"x":0.001362183946184814,"y":0.6582536101341248,"z":-0.001190374605357647,"w":0.752794086933136},"size":17.15749740600586,"orthographic":false}