{"cameraMode":{"drawMode":0,"name":"Shaded","section":"Shading Mode"},"sceneLighting":false,"audioPlay":false,"sceneViewState":{"showFog":true,"showMaterialUpdate":false,"showSkybox":true,"showFlares":true,"showImageEffects":true,"showParticleSystems":true},"in2DMode":false,"pivot":{"x":1.3700000047683716,"y":0.13999998569488526,"z":-1.7200000286102296},"rotation":{"x":0.030532648786902429,"y":-0.20337405800819398,"z":-0.006346136797219515,"w":-0.9786043763160706},"size":2.8578836917877199,"orthographic":false}