{"cameraMode":{"drawMode":0,"name":"Shaded","section":"Shading Mode"},"sceneLighting":false,"audioPlay":false,"sceneViewState":{"showFog":true,"showMaterialUpdate":false,"showSkybox":true,"showFlares":true,"showImageEffects":true,"showParticleSystems":true},"in2DMode":false,"pivot":{"x":-1.0043461322784424,"y":-1.150057077407837,"z":-1.18359375},"rotation":{"x":-0.0981852114200592,"y":0.6875630617141724,"z":-0.0946568101644516,"w":-0.7132018804550171},"size":11.501474380493164,"orthographic":false}