{"cameraMode":{"drawMode":0,"name":"Shaded","section":"Shading Mode"},"sceneLighting":false,"audioPlay":false,"sceneViewState":{"showFog":true,"showMaterialUpdate":false,"showSkybox":true,"showFlares":true,"showImageEffects":true,"showParticleSystems":true},"in2DMode":false,"pivot":{"x":0.8269119262695313,"y":0.666121244430542,"z":-1.9814372062683106},"rotation":{"x":0.13716202974319459,"y":0.24883466958999635,"z":0.03562149778008461,"w":-0.958122730255127},"size":6.900058746337891,"orthographic":false}