{"cameraMode":{"drawMode":0,"name":"Shaded","section":"Shading Mode"},"sceneLighting":false,"audioPlay":false,"sceneViewState":{"showFog":true,"showMaterialUpdate":false,"showSkybox":true,"showFlares":true,"showImageEffects":true,"showParticleSystems":true},"in2DMode":false,"pivot":{"x":-0.25584912300109866,"y":-3.20078706741333,"z":2.9840192794799806},"rotation":{"x":0.16764689981937409,"y":-0.8301786780357361,"z":0.3415485918521881,"w":0.40748316049575808},"size":4.521805286407471,"orthographic":false}