{"cameraMode":{"drawMode":0,"name":"Shaded","section":"Shading Mode"},"sceneLighting":true,"audioPlay":false,"sceneViewState":{"showFog":true,"showMaterialUpdate":false,"showSkybox":true,"showFlares":true,"showImageEffects":true,"showParticleSystems":true},"in2DMode":false,"pivot":{"x":-28.779756546020509,"y":-5.125589847564697,"z":-2.78206205368042},"rotation":{"x":0.3167135417461395,"y":0.15778832137584687,"z":-0.05351809412240982,"w":0.933772623538971},"size":132.13287353515626,"orthographic":true}