{"cameraMode":{"drawMode":0,"name":"Shaded","section":"Shading Mode"},"sceneLighting":false,"audioPlay":false,"sceneViewState":{"showFog":true,"showMaterialUpdate":false,"showSkybox":true,"showFlares":true,"showImageEffects":true,"showParticleSystems":true},"in2DMode":false,"pivot":{"x":-0.7839763760566711,"y":-0.09297990798950196,"z":-2.0697062015533449},"rotation":{"x":0.0740971490740776,"y":0.7750165462493897,"z":-0.09251515567302704,"w":0.6207253932952881},"size":3.900056838989258,"orthographic":false}