{"cameraMode":{"drawMode":0,"name":"Shaded","section":"Shading Mode"},"sceneLighting":false,"audioPlay":false,"sceneViewState":{"showFog":true,"showMaterialUpdate":false,"showSkybox":true,"showFlares":true,"showImageEffects":true,"showParticleSystems":true},"in2DMode":false,"pivot":{"x":-19.430280685424806,"y":1.0399837493896485,"z":-3.9279208183288576},"rotation":{"x":-0.05762023478746414,"y":-0.4930368959903717,"z":0.03271787613630295,"w":-0.8674814701080322},"size":18.87771987915039,"orthographic":false}