{"cameraMode":{"drawMode":0,"name":"Shaded","section":"Shading Mode"},"sceneLighting":false,"audioPlay":false,"sceneViewState":{"showFog":true,"showMaterialUpdate":false,"showSkybox":true,"showFlares":true,"showImageEffects":true,"showParticleSystems":true},"in2DMode":false,"pivot":{"x":-0.5528193712234497,"y":-0.3625987768173218,"z":-3.795125722885132},"rotation":{"x":0.06722621619701386,"y":0.8025779128074646,"z":-0.09214402735233307,"w":0.5855415463447571},"size":2.700057029724121,"orthographic":false}