{"cameraMode":{"drawMode":0,"name":"Shaded","section":"Shading Mode"},"sceneLighting":true,"audioPlay":false,"sceneViewState":{"showFog":true,"showMaterialUpdate":false,"showSkybox":true,"showFlares":true,"showImageEffects":true,"showParticleSystems":true},"in2DMode":false,"pivot":{"x":-28.779756546020509,"y":-5.125589847564697,"z":-2.78206205368042},"rotation":{"x":0.08383937180042267,"y":0.03825325891375542,"z":-0.0032208748161792757,"w":0.9957395792007446},"size":88.91280364990235,"orthographic":true}