{"cameraMode":{"drawMode":0,"name":"Shaded","section":"Shading Mode"},"sceneLighting":false,"audioPlay":false,"sceneViewState":{"showFog":true,"showMaterialUpdate":false,"showSkybox":true,"showFlares":true,"showImageEffects":true,"showParticleSystems":true},"in2DMode":false,"pivot":{"x":-4.448224067687988,"y":-22.703731536865236,"z":-5.5987043380737309},"rotation":{"x":-0.006111543159931898,"y":-0.9174231886863709,"z":0.014036859385669232,"w":-0.3976183831691742},"size":44.9527473449707,"orthographic":false}