{"cameraMode":{"drawMode":0,"name":"Shaded","section":"Shading Mode"},"sceneLighting":false,"audioPlay":false,"sceneViewState":{"showFog":true,"showMaterialUpdate":false,"showSkybox":true,"showFlares":true,"showImageEffects":true,"showParticleSystems":true},"in2DMode":false,"pivot":{"x":-3.589315414428711,"y":-1.3846989870071412,"z":-5.434188365936279},"rotation":{"x":-0.006111543159931898,"y":-0.9174231886863709,"z":0.014036859385669232,"w":-0.3976183831691742},"size":24.18743324279785,"orthographic":false}