{"cameraMode":{"drawMode":0,"name":"Shaded","section":"Shading Mode"},"sceneLighting":false,"audioPlay":false,"sceneViewState":{"showFog":true,"showMaterialUpdate":false,"showSkybox":true,"showFlares":true,"showImageEffects":true,"showParticleSystems":true},"in2DMode":false,"pivot":{"x":-0.4394271969795227,"y":0.5040626525878906,"z":0.0},"rotation":{"x":-0.240630641579628,"y":-0.04737405106425285,"z":0.011731534264981747,"w":-0.9693889617919922},"size":2.8578836917877199,"orthographic":false}