{"cameraMode":{"drawMode":0,"name":"Shaded","section":"Shading Mode"},"sceneLighting":false,"audioPlay":false,"sceneViewState":{"showFog":true,"showMaterialUpdate":false,"showSkybox":true,"showFlares":true,"showImageEffects":true,"showParticleSystems":true},"in2DMode":false,"pivot":{"x":-1.1577706336975098,"y":-16.572311401367189,"z":-7.967347145080566},"rotation":{"x":-0.006111543159931898,"y":-0.9174231886863709,"z":0.014036859385669232,"w":-0.3976183831691742},"size":15.39607048034668,"orthographic":false}