{"cameraMode":{"drawMode":0,"name":"Shaded","section":"Shading Mode"},"sceneLighting":true,"audioPlay":false,"sceneViewState":{"showFog":true,"showMaterialUpdate":false,"showSkybox":true,"showFlares":true,"showImageEffects":true,"showParticleSystems":true},"in2DMode":false,"pivot":{"x":6.739999771118164,"y":1.9592299461364747,"z":-2.5167360305786135},"rotation":{"x":-0.08946775645017624,"y":0.6897730231285095,"z":-0.08655861020088196,"w":-0.7132434844970703},"size":324.4440002441406,"orthographic":false}