{"cameraMode":{"drawMode":0,"name":"Shaded","section":"Shading Mode"},"sceneLighting":false,"audioPlay":false,"sceneViewState":{"showFog":true,"showMaterialUpdate":false,"showSkybox":true,"showFlares":true,"showImageEffects":true,"showParticleSystems":true},"in2DMode":false,"pivot":{"x":-0.547386646270752,"y":0.26179999113082888,"z":-4.362418174743652},"rotation":{"x":0.027622701600193979,"y":-0.7477445602416992,"z":-0.031209256500005723,"w":-0.6626772284507752},"size":28.43535804748535,"orthographic":false}